{"cameraMode":{"drawMode":0,"name":"Shaded","section":"Shading Mode"},"sceneLighting":true,"audioPlay":false,"sceneViewState":{"m_AlwaysRefresh":false,"showFog":true,"showSkybox":true,"showFlares":true,"showImageEffects":true,"showParticleSystems":true,"showVisualEffectGraphs":true,"m_FxEnabled":true},"in2DMode":false,"pivot":{"x":-25.115339279174806,"y":16.620513916015626,"z":46.14773941040039},"rotation":{"x":0.09601565450429917,"y":0.21228599548339845,"z":0.02107005938887596,"w":-0.9723415970802307},"size":30.054340362548829,"orthographic":false}